<?xml version="1.0"?>
<doc>
    <assembly>
        <name>Huarui.STARLine.Deck</name>
    </assembly>
    <members>
        <member name="T:Huarui.STARLine.Container">
            <summary>
            Container
            </summary>
        </member>
        <member name="P:Huarui.STARLine.Container.Position">
            <summary>
            Position Id
            </summary>
        </member>
        <member name="P:Huarui.STARLine.Container.Labware">
            <summary>
            Parent rack labware id
            </summary>
        </member>
        <member name="P:Huarui.STARLine.Container.Barcode">
            <summary>
            Barcode
            </summary>
        </member>
        <member name="P:Huarui.STARLine.Container.X">
            <summary>
            X position
            </summary>
        </member>
        <member name="P:Huarui.STARLine.Container.Y">
            <summary>
            Y position
            </summary>
        </member>
        <member name="P:Huarui.STARLine.Container.Z">
            <summary>
            Z position
            </summary>
        </member>
        <member name="P:Huarui.STARLine.Container.XDim">
            <summary>
            width of container
            </summary>
        </member>
        <member name="P:Huarui.STARLine.Container.YDim">
            <summary>
            height of container
            </summary>
        </member>
        <member name="P:Huarui.STARLine.Container.LiquidSeekValid">
            <summary>
            Liquid level detection valid
            </summary>
        </member>
        <member name="P:Huarui.STARLine.Container.LiquidSeekingStartPosition">
            <summary>
            Liquid Seeking Start Position
            </summary>
        </member>
        <member name="P:Huarui.STARLine.Container.CLLD">
            <summary>
            cLLD sensitivity for container
            </summary>
        </member>
        <member name="P:Huarui.STARLine.Container.Clearance">
            <summary>
            Clearance Height
            </summary>
        </member>
        <member name="P:Huarui.STARLine.Container.Diameter">
            <summary>
            diameter of container
            </summary>
        </member>
        <member name="P:Huarui.STARLine.Container.Shape">
            <summary>
            shape of container
            </summary>
        </member>
        <member name="P:Huarui.STARLine.Container.File">
            <summary>
            File of container
            </summary>
        </member>
        <member name="P:Huarui.STARLine.Container.Depth">
            <summary>
            Container depth
            </summary>
        </member>
        <member name="P:Huarui.STARLine.Container.MaxPipettingDepth">
            <summary>
            Max Pipetting depth
            </summary>
        </member>
        <member name="P:Huarui.STARLine.Container.IsVisble">
            <summary>
            is container visible in the decklyaout
            </summary>
        </member>
        <member name="P:Huarui.STARLine.Container.State">
            <summary>
            Container State
            </summary>
        </member>
        <member name="P:Huarui.STARLine.Container.Segments">
            <summary>
            Container segments
            </summary>
        </member>
        <member name="P:Huarui.STARLine.Container.Model">
            <summary>
            Model information
            </summary>
        </member>
        <member name="P:Huarui.STARLine.Container.Tag">
            <summary>
            object for developer to store someinformation 
            </summary>
        </member>
        <member name="M:Huarui.STARLine.Container.ComputeVolume(System.Double,System.Boolean)">
            <summary>
            Calculates the volume in ml for the container 
            </summary>
            <param name="height">The internal height in mm in the container</param>
            <param name="deckCoordinates">Specifies whether the internal height is measured in deck coordinates or container coordinates </param>
            <returns></returns>
        </member>
        <member name="M:Huarui.STARLine.Container.Dispose">
            <summary>
            Dispose container
            </summary>
        </member>
        <member name="T:Huarui.STARLine.Shape">
            <summary>
            Container shapes, as defined in Venus
            </summary>
        </member>
        <member name="F:Huarui.STARLine.Shape.CIRC">
            <summary>
            Circular Cylinder
            </summary>
        </member>
        <member name="F:Huarui.STARLine.Shape.RECTANGLE">
            <summary>
            Rectangle
            </summary>
        </member>
        <member name="F:Huarui.STARLine.Shape.CONE">
            <summary>
            Invert Cone
            </summary>
        </member>
        <member name="F:Huarui.STARLine.Shape.VCONE">
            <summary>
            V-Cone
            </summary>
        </member>
        <member name="F:Huarui.STARLine.Shape.RND_BS">
            <summary>
            Round Base
            </summary>
        </member>
        <member name="F:Huarui.STARLine.Shape.VCONE_BS">
            <summary>
            V-Cone Base
            </summary>
        </member>
        <member name="F:Huarui.STARLine.Shape.FLAT_BS">
            <summary>
            Flat Base
            </summary>
        </member>
        <member name="T:Huarui.STARLine.Rack">
            <summary>
            Template, Rack or Deck Layout
            All these labware are defined as Rack in SDK, you can easily handle the labware and decklayout with its methods
            </summary>
            <example>
            To add a labware into decklayout
            <code language="cs">
            ML_STAR.Deck.AddLabwareToDeckSite(@"C:\Program Files (x86)\HAMILTON\ML_STAR\TIP_CAR_480BC_HT_A00.tml", "6T-6", "ABC", "default");
            ML_STAR.Deck.AddLabware((@"C:\Program Files (x86)\HAMILTON\ML_STAR\TIP_CAR_480BC_HT_A00.tml", "ABC", x, y, z, rotation)
            </code>
            
            delete a labware by its ID
            <code language="cs">
            ML_STAR.Deck.RemoveFromDeck(id);
            </code>
            
            get the labware with its ID, and get the container from labware
            <code language="cs">
            var cts = ML_STAR.Deck["ht_l_0003"].Containers;
            Container[] cnts = new Container[8] { cts["6"], cts["7"], cts["8"], null, cts["10"], cts["11"], null, cts["13"], };
            </code>
            </example>
        </member>
        <member name="M:Huarui.STARLine.Rack.Dispose">
            <summary>
            Dispose function
            </summary>
        </member>
        <member name="P:Huarui.STARLine.Rack.ID">
            <summary>
            Labware ID
            </summary>
        </member>
        <member name="P:Huarui.STARLine.Rack.Type">
            <summary>
            Rack Type
            </summary>
        </member>
        <member name="P:Huarui.STARLine.Rack.Barcode">
            <summary>
            Rack Barcode
            </summary>
        </member>
        <member name="P:Huarui.STARLine.Rack.BarcodeMask">
            <summary>
            Barcode Mask
            </summary>
        </member>
        <member name="P:Huarui.STARLine.Rack.IsBarcodeUnique">
            <summary>
            barcode must be unique?
            </summary>
        </member>
        <member name="P:Huarui.STARLine.Rack.Containers">
            <summary>
            Containers in rack
            </summary>
        </member>
        <member name="P:Huarui.STARLine.Rack.ContainerRows">
            <summary>
            container rows
            </summary>
        </member>
        <member name="P:Huarui.STARLine.Rack.ContainerColumns">
            <summary>
            container columns
            </summary>
        </member>
        <member name="P:Huarui.STARLine.Rack.IsContainerConnected">
            <summary>
            dose container in this labware connected to others
            </summary>
        </member>
        <member name="P:Huarui.STARLine.Rack.Sites">
            <summary>
            sites infomration on template and decklayout
            </summary>
        </member>
        <member name="P:Huarui.STARLine.Rack.X">
            <summary>
            Rack Position X
            </summary>
        </member>
        <member name="P:Huarui.STARLine.Rack.Y">
            <summary>
            Rack postion Y (front)
            </summary>
        </member>
        <member name="P:Huarui.STARLine.Rack.Z">
            <summary>
            Rack Z base position
            </summary>
        </member>
        <member name="P:Huarui.STARLine.Rack.Width">
            <summary>
            Rack width in x
            </summary>
        </member>
        <member name="P:Huarui.STARLine.Rack.Depth">
            <summary>
            Rack depth in y
            </summary>
        </member>
        <member name="P:Huarui.STARLine.Rack.Height">
            <summary>
            Rack height in z
            </summary>
        </member>
        <member name="P:Huarui.STARLine.Rack.Rotation">
            <summary>
            Rack rotation degree
            </summary>
        </member>
        <member name="P:Huarui.STARLine.Rack.File">
            <summary>
            File of Rack
            </summary>
        </member>
        <member name="P:Huarui.STARLine.Rack.ImageFile">
            <summary>
            Image file of rack
            </summary>
        </member>
        <member name="P:Huarui.STARLine.Rack.Color">
            <summary>
            background color of rack
            </summary>
        </member>
        <member name="P:Huarui.STARLine.Rack.IsVisible">
            <summary>
            Is rack visible in the deck layout
            </summary>
        </member>
        <member name="P:Huarui.STARLine.Rack.Properties">
            <summary>
            Property of labware
            </summary>
        </member>
        <member name="P:Huarui.STARLine.Rack.Tag">
            <summary>
            object for developer to store information
            </summary>
        </member>
        <member name="P:Huarui.STARLine.Rack.DeckFileName">
            <summary>
            template file of deck layout
            </summary>
        </member>
        <member name="M:Huarui.STARLine.Rack.Columns(System.Int32[])">
            <summary>
            get containers for columns
            </summary>
            <param name="indexes">column, 0 based</param>
            <returns></returns>
        </member>
        <member name="M:Huarui.STARLine.Rack.Rows(System.Int32[])">
            <summary>
            get containers by rows
            </summary>
            <param name="indexes">row index, 0 based</param>
            <returns></returns>
        </member>
        <member name="M:Huarui.STARLine.Rack.All">
            <summary>
            get all sorted containers
            </summary>
            <returns></returns>
        </member>
        <member name="P:Huarui.STARLine.Rack.Item(System.String)">
            <summary>
            find rack or child rack with labware id
            </summary>
            <param name="id"></param>
            <returns></returns>
        </member>
        <member name="M:Huarui.STARLine.Rack.GetTrack(Huarui.STARLine.Rack,System.Int32@)">
            <summary>
            Get track position for rack in the decklayout
            </summary>
            <param name="rack"></param>
            <param name="widthNumOfTrack">width of rack in traks</param>
            <returns></returns>
        </member>
        <member name="M:Huarui.STARLine.Rack.AddLabware(System.String,System.String,System.Single,System.Single,System.Single,System.Single)">
            <summary>
            add labware to defined position
            This can only be call in Deck property in STARCommand
            </summary>
            <param name="file">labware file path</param>
            <param name="labwareId">labware id</param>
            <param name="x">x</param>
            <param name="y">y</param>
            <param name="z">z</param>
            <param name="rotation">rotation</param>
        </member>
        <member name="M:Huarui.STARLine.Rack.AddLabwareToDeckSite(System.String,System.String,System.String,System.String,System.Int32)">
            <summary>
            add labware to site of template
            This can only be call in Deck property in STARCommand
            </summary>
            <param name="file">labware file</param>
            <param name="siteId">parent labware site</param>
            <param name="labwareId">labware id</param>
            <param name="templateId">parent template id</param>
            <param name="bCkSiteFit">check site fit</param>
        </member>
        <member name="M:Huarui.STARLine.Rack.RemoveFromDeck(System.String)">
            <summary>
            Remove labware from deck
            This can only be call in Deck property in STARCommand
            </summary>
            <param name="id">labware id</param>
        </member>
        <member name="M:Huarui.STARLine.Rack.RenameLabware(System.String,System.String)">
            <summary>
            Rename labware Id
            This can only be call in Deck property in STARCommand
            </summary>
            <param name="newId">new id</param>
            <param name="oldId">old id</param>
        </member>
        <member name="M:Huarui.STARLine.Rack.AddContainerToRack(System.String,System.String,System.String,System.Double,System.Double,System.Double)">
            <summary>
            Replaces a container on a rectangular pre-loaded rack
            </summary>
            <param name="rackId">The name of the rack (labware id) where to replace the container (string, e.g. "SMP_CAR_24_0001".)</param>
            <param name="positionId">The name of the position (position id) on the rack where to replace the container (string, e.g. "1").</param>
            <param name="configFile">The configuration file name for the container to be replaced (string, e.g. "ml_star\\cup_15x75.ctr"). </param>
            <param name="xOffset">The offsets (x, y, z) of the container relative to the container position posId (float).</param>
            <param name="yOffset">The offsets (x, y, z) of the container relative to the container position posId (float).</param>
            <param name="zOffset">The offsets (x, y, z) of the container relative to the container position posId (float).</param>
        </member>
        <member name="M:Huarui.STARLine.Rack.UpdateLoadedLabware(Huarui.STARLine.Rack[],Huarui.STARLine.LabwareState[],System.String)">
            <summary>
            Updates the list of loaded labware and updates the view
            </summary>
            <param name="racks">array of labware ids for update</param>
            <param name="states">load state will be applied to the associated labware </param>
            <param name="description">description will be displayed in the first section on the status bar in the deck view ; an empty string will do nothing.</param>
        </member>
        <member name="M:Huarui.STARLine.Rack.UpdateUsedLabware(Huarui.STARLine.Rack[],Huarui.STARLine.LabwareAction[],System.String)">
            <summary>
            Update labware status in deck layout visibilization
            </summary>
            <param name="racks">racks</param>
            <param name="actions">labware actions</param>
            <param name="description">description will be displayed in the first section on the status bar in the deck view ; an empty string will do nothing.</param>
        </member>
        <member name="M:Huarui.STARLine.Rack.UpdateUsedPositions(Huarui.STARLine.Container[],Huarui.STARLine.LabwareAction,System.String)">
            <summary>
            Updates the list of used positions and updates the view
            </summary>
            <param name="cnts">containers for update</param>
            <param name="action">the same action will be applied to all positions in the given list</param>
            <param name="description">description will be displayed in the first section on the status bar in the deck view ; an empty string will do nothing.</param>
        </member>
        <member name="T:Huarui.STARLine.LabwareAction">
            <summary>
            Container or Rack action in the deck display
            </summary>
        </member>
        <member name="F:Huarui.STARLine.LabwareAction.Selected">
            <summary>
             position is selected
            </summary>
        </member>
        <member name="F:Huarui.STARLine.LabwareAction.Processing">
            <summary>
            processing
            </summary>
        </member>
        <member name="F:Huarui.STARLine.LabwareAction.Reserved">
            <summary>
            reserved
            </summary>
        </member>
        <member name="F:Huarui.STARLine.LabwareAction.Error">
            <summary>
            indicates an error
            </summary>
        </member>
        <member name="F:Huarui.STARLine.LabwareAction.Processed">
            <summary>
            indicates processed
            </summary>
        </member>
        <member name="F:Huarui.STARLine.LabwareAction.None">
            <summary>
            reset action state to none
            </summary>
        </member>
        <member name="F:Huarui.STARLine.LabwareAction.Flashing">
            <summary>
            position selected and flashing
            </summary>
        </member>
        <member name="T:Huarui.STARLine.LabwareState">
            <summary>
            Labware State enum
            </summary>
        </member>
        <member name="F:Huarui.STARLine.LabwareState.Unload">
            <summary>
            unload the labware (no longer visible)
            </summary>
        </member>
        <member name="F:Huarui.STARLine.LabwareState.Load">
            <summary>
            load the labware
            </summary>
        </member>
        <member name="F:Huarui.STARLine.LabwareState.PrepareToUnload">
            <summary>
            preparing to unload
            </summary>
        </member>
        <member name="F:Huarui.STARLine.LabwareState.PrepareToLoad">
            <summary>
            preparing to load
            </summary>
        </member>
        <member name="F:Huarui.STARLine.LabwareState.Flash">
            <summary>
            cause labware to flash 
            </summary>
        </member>
        <member name="F:Huarui.STARLine.LabwareState.Flash2">
            <summary>
            cause labware to flash 
            </summary>
        </member>
        <member name="T:Huarui.STARLine.RackEventArgs">
            <summary>
            Rack event args for rack add/remove event
            </summary>
        </member>
        <member name="P:Huarui.STARLine.RackEventArgs.Rack">
            <summary>
            add/remove rack
            </summary>
        </member>
        <member name="P:Huarui.STARLine.RackEventArgs.ParentSite">
            <summary>
            site in parent rack
            </summary>
        </member>
        <member name="P:Huarui.STARLine.RackEventArgs.Parent">
            <summary>
            parent rack
            </summary>
        </member>
        <member name="T:Huarui.STARLine.RackType">
            <summary>
            Labware type
            </summary>
        </member>
        <member name="F:Huarui.STARLine.RackType.Rack">
            <summary>
            Rack in Venus
            </summary>
        </member>
        <member name="F:Huarui.STARLine.RackType.Template">
            <summary>
            Template in Venus
            </summary>
        </member>
        <member name="T:Huarui.STARLine.Segment">
            <summary>
            Cotainer segmemtn
            </summary>
        </member>
        <member name="P:Huarui.STARLine.Segment.Shape">
            <summary>
            Segment shape
            </summary>
        </member>
        <member name="P:Huarui.STARLine.Segment.MaxHeight">
            <summary>
            segment top
            </summary>
        </member>
        <member name="P:Huarui.STARLine.Segment.MinHeight">
            <summary>
            segment bottom
            </summary>
        </member>
        <member name="P:Huarui.STARLine.Segment.Dimension1">
            <summary>
            x dimension
            </summary>
        </member>
        <member name="P:Huarui.STARLine.Segment.Dimension2">
            <summary>
            y dimension
            </summary>
        </member>
        <member name="P:Huarui.STARLine.Segment.Diameter">
            <summary>
            diameter
            </summary>
        </member>
        <member name="T:Huarui.STARLine.Site">
            <summary>
            Site for Rack
            </summary>
        </member>
        <member name="P:Huarui.STARLine.Site.Id">
            <summary>
            Site Id
            </summary>
        </member>
        <member name="P:Huarui.STARLine.Site.X">
            <summary>
            x position of left top corner
            </summary>
        </member>
        <member name="P:Huarui.STARLine.Site.Y">
            <summary>
            t position of left top corner
            </summary>
        </member>
        <member name="P:Huarui.STARLine.Site.Z">
            <summary>
            z position of site
            </summary>
        </member>
        <member name="P:Huarui.STARLine.Site.Visible">
            <summary>
            visible in decklayout view
            </summary>
        </member>
        <member name="P:Huarui.STARLine.Site.ShowId">
            <summary>
            id showed in decklayout view
            </summary>
        </member>
        <member name="P:Huarui.STARLine.Site.Width">
            <summary>
            width of site
            </summary>
        </member>
        <member name="P:Huarui.STARLine.Site.Depth">
            <summary>
            depath of site
            </summary>
        </member>
        <member name="P:Huarui.STARLine.Site.Racks">
            <summary>
            child racks on site
            </summary>
        </member>
        <member name="T:Huarui.STARLine.ContainerStatus">
            <summary>
            Container Status
            </summary>
        </member>
        <member name="F:Huarui.STARLine.ContainerStatus.None">
            <summary>
            Unload Status
            </summary>
        </member>
        <member name="T:Huarui.STARLine.LLDSensitivity">
            <summary>
            Liquid level detection sensitivity enum
            </summary>
        </member>
        <member name="F:Huarui.STARLine.LLDSensitivity.Off">
            <summary>
            LLD off
            </summary>
        </member>
        <member name="F:Huarui.STARLine.LLDSensitivity.VeryHight">
            <summary>
            very high
            </summary>
        </member>
        <member name="F:Huarui.STARLine.LLDSensitivity.Heigh">
            <summary>
            high
            </summary>
        </member>
        <member name="F:Huarui.STARLine.LLDSensitivity.Medium">
            <summary>
            medium
            </summary>
        </member>
        <member name="F:Huarui.STARLine.LLDSensitivity.Low">
            <summary>
            low
            </summary>
        </member>
        <member name="F:Huarui.STARLine.LLDSensitivity.LabwareDefinition">
            <summary>
            from labware definition
            </summary>
        </member>
    </members>
</doc>
