<?xml version="1.0"?>
<doc>
    <assembly>
        <name>Huarui.STARLine</name>
    </assembly>
    <members>
        <member name="T:Huarui.STARLine.Arm">
            <summary>
            Arm Definition
            </summary>
        </member>
        <member name="P:Huarui.STARLine.Arm.IsInstalled">
            <summary>
            Arm installed
            </summary>
        </member>
        <member name="P:Huarui.STARLine.Arm.WrapSize">
            <summary>
            Wrap size of arm
            </summary>
        </member>
        <member name="P:Huarui.STARLine.Arm.MinimalPosition">
            <summary>
            Minimal position of arm
            </summary>
        </member>
        <member name="P:Huarui.STARLine.Arm.MaximalPosition">
            <summary>
            Maximal position of arm
            </summary>
        </member>
        <member name="P:Huarui.STARLine.Arm.Position">
            <summary>
            get arm position
            </summary>
        </member>
        <member name="P:Huarui.STARLine.Arm.Speed">
            <summary>
            Speed in 0.1mm /sec (optimal 3 shoots / sec), range 20 to 999, default 270
            </summary>
        </member>
        <member name="P:Huarui.STARLine.Arm.Acceleration">
            <summary>
            Index of acceleration curve, range 1 to 5, default 4
            </summary>
        </member>
        <member name="M:Huarui.STARLine.Arm.Move(System.Double,System.Boolean)">
            <summary>
            Move arm
            </summary>
            <param name="position">position</param>
            <param name="useZSafeHeight">Move X-arm to position with all attached components in Z-safety position</param>
        </member>
        <member name="T:Huarui.STARLine.LeftArm">
            <summary>
            Left arm
            </summary>
        </member>
        <member name="P:Huarui.STARLine.LeftArm.Position">
            <summary>
            get left arm position
            </summary>
        </member>
        <member name="P:Huarui.STARLine.LeftArm.Speed">
            <summary>
            Speed in 0.1mm /sec (optimal 3 shoots / sec), range 20 to 999, default 270
            </summary>
        </member>
        <member name="P:Huarui.STARLine.LeftArm.Acceleration">
            <summary>
            Index of acceleration curve, range 1 to 5, default 4
            </summary>
        </member>
        <member name="M:Huarui.STARLine.LeftArm.Move(System.Double,System.Boolean)">
            <summary>
            Move left arm
            </summary>
            <param name="position">position</param>
            <param name="useZSafeHeight">Move X-arm to position with all attached components in Z-safety position</param>
        </member>
        <member name="T:Huarui.STARLine.RightArm">
            <summary>
            Right arm
            </summary>
        </member>
        <member name="P:Huarui.STARLine.RightArm.Position">
            <summary>
            get right arm position
            </summary>
        </member>
        <member name="P:Huarui.STARLine.RightArm.Speed">
            <summary>
            Speed in 0.1mm /sec (optimal 3 shoots / sec), range 20 to 999, default 270
            </summary>
        </member>
        <member name="P:Huarui.STARLine.RightArm.Acceleration">
            <summary>
            Index of acceleration curve, range 1 to 5, default 4
            </summary>
        </member>
        <member name="M:Huarui.STARLine.RightArm.Move(System.Double,System.Boolean)">
            <summary>
            Move right arm
            </summary>
            <param name="position">position</param>
            <param name="useZSafeHeight">Move X-arm to position with all attached components in Z-safety position</param>
        </member>
        <member name="T:Huarui.STARLine.AspirateMode">
            <summary>
            Aspiration Mode
            </summary>
        </member>
        <member name="F:Huarui.STARLine.AspirateMode.Aspiration">
            <summary>
            Aspiration
            </summary>
        </member>
        <member name="F:Huarui.STARLine.AspirateMode.ConsecutiveAspiration">
            <summary>
            Consecutiv Aspiration
            </summary>
        </member>
        <member name="F:Huarui.STARLine.AspirateMode.AspirateAll">
            <summary>
            Aspirate All
            </summary>
        </member>
        <member name="T:Huarui.STARLine.Direction">
            <summary>
            Movement Direction
            </summary>
        </member>
        <member name="F:Huarui.STARLine.Direction.XAxis">
            <summary>
            X direction
            </summary>
        </member>
        <member name="F:Huarui.STARLine.Direction.YAxis">
            <summary>
            Y Direction
            </summary>
        </member>
        <member name="F:Huarui.STARLine.Direction.ZAxis">
            <summary>
            Z Direction
            </summary>
        </member>
        <member name="T:Huarui.STARLine.MovementType">
            <summary>
            Movement Type
            </summary>
        </member>
        <member name="F:Huarui.STARLine.MovementType.Absolute">
            <summary>
            Absolute move
            </summary>
        </member>
        <member name="F:Huarui.STARLine.MovementType.Relative">
            <summary>
            Relative move to current position
            </summary>
        </member>
        <member name="T:Huarui.STARLine.MoveZEndMode">
            <summary>
            Defines on which z-position the channels shall remain after x/y-position is reached
            </summary>
        </member>
        <member name="F:Huarui.STARLine.MoveZEndMode.MaxHeight">
            <summary>
            max height
            </summary>
        </member>
        <member name="F:Huarui.STARLine.MoveZEndMode.TraverseHeight">
            <summary>
            traverse height of instrument
            </summary>
        </member>
        <member name="F:Huarui.STARLine.MoveZEndMode.LabwareClearanceHeight">
            <summary>
            clearance height of labware
            </summary>
        </member>
        <member name="F:Huarui.STARLine.MoveZEndMode.ContainerBottom">
            <summary>
            container bottom
            </summary>
        </member>
        <member name="T:Huarui.STARLine.ZMoveAfterDispense">
            <summary>
            Determines how the start and end Z position is set
            </summary>
        </member>
        <member name="F:Huarui.STARLine.ZMoveAfterDispense.Normal">
            <summary>
            the Z positions are set to the maximal traverse height
            </summary>
        </member>
        <member name="F:Huarui.STARLine.ZMoveAfterDispense.Minimized">
            <summary>
             the Z positions are set to the minimal traverse height of the labware
            </summary>
        </member>
        <member name="T:Huarui.STARLine.AdvancedParameter">
            <summary>
            advanced parameter for liquid following and mix
            </summary>
        </member>
        <member name="P:Huarui.STARLine.AdvancedParameter.LiquidFollowing">
            <summary>
            liquid follow during aspirate or dispense or mix
            </summary>
        </member>
        <member name="P:Huarui.STARLine.AdvancedParameter.MixCycle">
            <summary>
            mix cycle
            </summary>
        </member>
        <member name="P:Huarui.STARLine.AdvancedParameter.MixPosition">
            <summary>
            mix position bellow aspiration and dispense height
            </summary>
        </member>
        <member name="P:Huarui.STARLine.AdvancedParameter.MixVolume">
            <summary>
            mix volume
            </summary>
        </member>
        <member name="P:Huarui.STARLine.AdvancedParameter.ZMOveAfterDispense">
            <summary>
            Determines how the start and end Z position is set. this is only for dispensing
            </summary>
        </member>
        <member name="T:Huarui.STARLine.FixHeightParameter">
            <summary>
            parameter for pipetting with fix height
            </summary>
        </member>
        <member name="P:Huarui.STARLine.FixHeightParameter.FixHeight">
            <summary>
            fix height above bottom when LLD was not set
            </summary>
        </member>
        <member name="P:Huarui.STARLine.FixHeightParameter.RetractDistanceForAirTransport">
            <summary>
            retract height after aspiration to aspirate air for movement
            </summary>
        </member>
        <member name="P:Huarui.STARLine.FixHeightParameter.LiquidClassParameter">
            <summary>
            Liquid class parameter
            </summary>
        </member>
        <member name="P:Huarui.STARLine.FixHeightParameter.AdvancedParameters">
            <summary>
            advanced parameters for liquid following and mix
            </summary>
        </member>
        <member name="T:Huarui.STARLine.IParameter">
            <summary>
            Pipetting Parameter interface
            </summary>
        </member>
        <member name="P:Huarui.STARLine.IParameter.LiquidClassParameter">
            <summary>
            Liquid class parameter
            </summary>
        </member>
        <member name="P:Huarui.STARLine.IParameter.AdvancedParameters">
            <summary>
            advanced parameters for liquid following and mix
            </summary>
        </member>
        <member name="T:Huarui.STARLine.LiquidClassParameter">
            <summary>
            Liquid class parameter
            </summary>
        </member>
        <member name="P:Huarui.STARLine.LiquidClassParameter.TipType">
            <summary>
            tip type
            </summary>
        </member>
        <member name="P:Huarui.STARLine.LiquidClassParameter.DispenseMode">
            <summary>
            dispense mode
            </summary>
        </member>
        <member name="P:Huarui.STARLine.LiquidClassParameter.LiquidClass">
            <summary>
            liquid class
            </summary>
        </member>
        <member name="T:Huarui.STARLine.CLLDParameter">
            <summary>
            cLLD parameter
            </summary>
        </member>
        <member name="P:Huarui.STARLine.CLLDParameter.cLLDSensitivity">
            <summary>
            cLLD sensitivity
            if cLLD sensitivity was not off, the submerage depth will be used
            </summary>
        </member>
        <member name="P:Huarui.STARLine.CLLDParameter.SubmergeDepth">
            <summary>
            submerge depth in liquid when LLD was set
            </summary>
        </member>
        <member name="P:Huarui.STARLine.CLLDParameter.LiquidClassParameter">
            <summary>
            Liquid class parameter
            </summary>
        </member>
        <member name="P:Huarui.STARLine.CLLDParameter.AdvancedParameters">
            <summary>
            advanced parameters for liquid following and mix
            </summary>
        </member>
        <member name="T:Huarui.STARLine.LLDsParameter">
            <summary>
            parameter for pipetting with LLD
            </summary>
        </member>
        <member name="P:Huarui.STARLine.LLDsParameter.cLLDSensitivity">
            <summary>
            cLLD sensitivity
            if cLLD sensitivity was not off, the submerage depth will be used
            </summary>
        </member>
        <member name="P:Huarui.STARLine.LLDsParameter.pLLDSensitivity">
            <summary>
            pLLD sensitivity, it is only supported pipetting channel, not 96 head and it is only for aspiration, not dispense
            </summary>
        </member>
        <member name="P:Huarui.STARLine.LLDsParameter.SubmergeDepth">
            <summary>
            submerge depth in liquid when LLD was set
            </summary>
        </member>
        <member name="P:Huarui.STARLine.LLDsParameter.MaxHeightDifference">
            <summary>
            max difference between cLLD and pLLD. disabled if it's 0, it is only supported pipetting channel, not 96 head
            </summary>
        </member>
        <member name="P:Huarui.STARLine.LLDsParameter.LiquidClassParameter">
            <summary>
            Liquid class parameter
            </summary>
        </member>
        <member name="P:Huarui.STARLine.LLDsParameter.AdvancedParameters">
            <summary>
            advanced parameters for liquid following and mix
            </summary>
        </member>
        <member name="T:Huarui.STARLine.SideTouchParameter">
            <summary>
            parameter for pipetting with side touch
            </summary>
        </member>
        <member name="P:Huarui.STARLine.SideTouchParameter.RetractDistanceForAirTransport">
            <summary>
            retract height after aspiration to aspirate air for movement
            </summary>
        </member>
        <member name="P:Huarui.STARLine.SideTouchParameter.LiquidClassParameter">
            <summary>
            Liquid class parameter
            </summary>
        </member>
        <member name="P:Huarui.STARLine.SideTouchParameter.AdvancedParameters">
            <summary>
            advanced parameters for liquid following and mix
            </summary>
        </member>
        <member name="T:Huarui.STARLine.TouchOffParameter">
            <summary>
            parameter for pipetting with touch off
            </summary>
        </member>
        <member name="P:Huarui.STARLine.TouchOffParameter.RetractDistanceForAirTransport">
            <summary>
            retract height after aspiration to aspirate air for movement
            </summary>
        </member>
        <member name="P:Huarui.STARLine.TouchOffParameter.PositionAboveTouch">
            <summary>
            aspirate or dispense position above touch for touchoff dispense, it is only supported pipetting channel, not 96 head
            </summary>
        </member>
        <member name="P:Huarui.STARLine.TouchOffParameter.LiquidClassParameter">
            <summary>
            Liquid class parameter
            </summary>
        </member>
        <member name="P:Huarui.STARLine.TouchOffParameter.AdvancedParameters">
            <summary>
            advanced parameters for liquid following and mix
            </summary>
        </member>
        <member name="T:Huarui.STARLine.Channel">
            <summary>
            STAR Pipetting Channel (PX)
            </summary>
            <summary>
            Channel. All the operation were implemented by the firmware
            </summary>
        </member>
        <member name="P:Huarui.STARLine.Channel.Count">
            <summary>
            Channel Count
            </summary>
        </member>
        <member name="P:Huarui.STARLine.Channel.YRaster">
            <summary>
            Channel Y Distance
            </summary>
        </member>
        <member name="P:Huarui.STARLine.Channel.TADMUploadMode">
            <summary>
            TADM curve upload mode
            </summary>
        </member>
        <member name="P:Huarui.STARLine.Channel.TADMRecordMode">
            <summary>
            TADM Record Mode
            </summary>
        </member>
        <member name="M:Huarui.STARLine.Channel.PickupTip(Huarui.STARLine.Container[],Huarui.STARLine.ErrorRecoveryOptions)">
            <summary>
            Pickup tips
            </summary>
            <param name="tips">tip position</param>
            <param name="options">error handling options</param>
            <exception cref="T:Huarui.STARLine.STARException">device error will be throwed with STARException</exception>
        </member>
        <member name="M:Huarui.STARLine.Channel.EjectTip(Huarui.STARLine.Container[],Huarui.STARLine.ErrorRecoveryOptions)">
            <summary>
            Eject tips to containers
            </summary>
            <param name="tips">containers to drop the tips</param>
            <param name="options">error handling options</param>
            <exception cref="T:Huarui.STARLine.STARException">device error will be throwed with STARException</exception>
        </member>
        <member name="M:Huarui.STARLine.Channel.EjectTip(Huarui.STARLine.ErrorRecoveryOptions)">
            <summary>
            Eject tips to waste
            </summary>
            <param name="options">error handling option</param>
            <exception cref="T:Huarui.STARLine.STARException">device error will be throwed with STARException</exception>
        </member>
        <member name="M:Huarui.STARLine.Channel.Aspirate(Huarui.STARLine.Container[],System.Double,Huarui.STARLine.IParameter[],Huarui.STARLine.AspirateMode,Huarui.STARLine.ErrorRecoveryOptions)">
            <summary>
            Aspirate with different parameter for each channel
            </summary>
            <param name="cnts"></param>
            <param name="volume"></param>
            <param name="parameter"></param>
            <param name="mode"></param>
            <param name="options"></param>
        </member>
        <member name="M:Huarui.STARLine.Channel.Aspirate(Huarui.STARLine.Container[],System.Double[],Huarui.STARLine.IParameter[],Huarui.STARLine.AspirateMode,Huarui.STARLine.ErrorRecoveryOptions)">
            <summary>
            Aspirate with different parameter for each channel
            </summary>
            <param name="cnts"></param>
            <param name="volumes"></param>
            <param name="parameter"></param>
            <param name="mode"></param>
            <param name="options"></param>
        </member>
        <member name="M:Huarui.STARLine.Channel.Aspirate(Huarui.STARLine.Container[],System.Double,Huarui.STARLine.LLDsParameter,Huarui.STARLine.AspirateMode,Huarui.STARLine.ErrorRecoveryOptions)">
            <summary>
            aspirate with liquid level detection
            </summary>
            <param name="cnts">aspirate positions</param>
            <param name="volume">liquid volume</param>
            <param name="parameter">LLD parameter</param>
            <param name="mode">aspirate mode</param>
            <param name="options">error recovery options</param>
            <exception cref="T:Huarui.STARLine.STARException">device error will be throwed with STARException</exception>
        </member>
        <member name="M:Huarui.STARLine.Channel.Aspirate(Huarui.STARLine.Container[],System.Double[],Huarui.STARLine.LLDsParameter,Huarui.STARLine.AspirateMode,Huarui.STARLine.ErrorRecoveryOptions)">
            <summary>
            aspirate with liquid level detection
            </summary>
            <param name="cnts">aspirate positions</param>
            <param name="volumes">liquid volumes</param>
            <param name="parameter">LLD parameter</param>
            <param name="mode">aspirate mode</param>
            <param name="options">error recovery options</param>
            <exception cref="T:Huarui.STARLine.STARException">device error will be throwed with STARException</exception>
        </member>
        <member name="M:Huarui.STARLine.Channel.Aspirate(Huarui.STARLine.Container[],System.Double,Huarui.STARLine.FixHeightParameter,Huarui.STARLine.AspirateMode,Huarui.STARLine.ErrorRecoveryOptions)">
            <summary>
            aspirate with fix height
            </summary>
            <param name="cnts">aspirate positions</param>
            <param name="volume">liquid volume</param>
            <param name="parameter">fix height parameter</param>
            <param name="mode">aspirate mode</param>
            <param name="options">error recovery options</param>
            <exception cref="T:Huarui.STARLine.STARException">device error will be throwed with STARException</exception>
        </member>
        <member name="M:Huarui.STARLine.Channel.Aspirate(Huarui.STARLine.Container[],System.Double[],Huarui.STARLine.FixHeightParameter,Huarui.STARLine.AspirateMode,Huarui.STARLine.ErrorRecoveryOptions)">
            <summary>
            aspirate with fix height
            </summary>
            <param name="cnts">aspirate positions</param>
            <param name="volumes">liquid volumes</param>
            <param name="parameter">fix height parameter</param>
            <param name="mode">aspirate mode</param>
            <param name="options">error recovery options</param>
            <exception cref="T:Huarui.STARLine.STARException">device error will be throwed with STARException</exception>
        </member>
        <member name="M:Huarui.STARLine.Channel.Aspirate(Huarui.STARLine.Container[],System.Double,Huarui.STARLine.TouchOffParameter,Huarui.STARLine.AspirateMode,Huarui.STARLine.ErrorRecoveryOptions)">
            <summary>
            aspirate with Touch off
            </summary>
            <param name="cnts">aspirate positions</param>
            <param name="volume">liquid volume</param>
            <param name="parameter">touch off parameter</param>
            <param name="mode">aspirate mode</param>
            <param name="options">error recovery options</param>
            <exception cref="T:Huarui.STARLine.STARException">device error will be throwed with STARException</exception>
        </member>
        <member name="M:Huarui.STARLine.Channel.Aspirate(Huarui.STARLine.Container[],System.Double[],Huarui.STARLine.TouchOffParameter,Huarui.STARLine.AspirateMode,Huarui.STARLine.ErrorRecoveryOptions)">
            <summary>
            aspirate with touch off
            </summary>
            <param name="cnts">aspirate positions</param>
            <param name="volumes">liquid volumes</param>
            <param name="parameter">touch off parameter</param>
            <param name="mode">aspirate mode</param>
            <param name="options">error recovery options</param>
            <exception cref="T:Huarui.STARLine.STARException">device error will be throwed with STARException</exception>
        </member>
        <member name="M:Huarui.STARLine.Channel.Aspirate(Huarui.STARLine.Container[],System.Double,Huarui.STARLine.PipettingParameter,Huarui.STARLine.AspirateMode,Huarui.STARLine.ErrorRecoveryOptions)">
            <summary>
            Aspirate
            </summary>
            <param name="cnts">sequence</param>
            <param name="volumes">volume</param>
            <param name="parameters">aspirate parameter</param>
            <param name="mode">dispense mode</param>
            <param name="options">error handling option</param>
            <exception cref="T:Huarui.STARLine.STARException">device error will be throwed with STARException</exception>
        </member>
        <member name="M:Huarui.STARLine.Channel.Aspirate(Huarui.STARLine.Container[],System.Double[],Huarui.STARLine.PipettingParameter,Huarui.STARLine.AspirateMode,Huarui.STARLine.ErrorRecoveryOptions)">
            <summary>
            Aspirate
            </summary>
            <param name="cnts">sequence</param>
            <param name="volumes">volume</param>
            <param name="parameter">aspirate parameter</param>
            <param name="mode">dispense mode</param>
            <param name="options">error handling option</param>
            <exception cref="T:Huarui.STARLine.STARException">device error will be throwed with STARException</exception>
        </member>
        <member name="M:Huarui.STARLine.Channel.Dispense(Huarui.STARLine.Container[],System.Double,Huarui.STARLine.IParameter[],Huarui.STARLine.DispenseMode,System.Boolean,Huarui.STARLine.ErrorRecoveryOptions)">
            <summary>
            Dispense with different parameter of each channel
            </summary>
            <param name="cnts"></param>
            <param name="volume"></param>
            <param name="parameters"></param>
            <param name="mode"></param>
            <param name="useFirstAspirtateLiquidClass"></param>
            <param name="options"></param>
        </member>
        <member name="M:Huarui.STARLine.Channel.Dispense(Huarui.STARLine.Container[],System.Double[],Huarui.STARLine.IParameter[],Huarui.STARLine.DispenseMode,System.Boolean,Huarui.STARLine.ErrorRecoveryOptions)">
            <summary>
            Dispense with different parameter of each channel
            </summary>
            <param name="cnts"></param>
            <param name="volumes"></param>
            <param name="parameters"></param>
            <param name="mode"></param>
            <param name="useFirstAspirtateLiquidClass"></param>
            <param name="options"></param>
        </member>
        <member name="M:Huarui.STARLine.Channel.Dispense(Huarui.STARLine.Container[],System.Double,Huarui.STARLine.CLLDParameter,Huarui.STARLine.DispenseMode,System.Boolean,Huarui.STARLine.ErrorRecoveryOptions)">
            <summary>
            Dispense with LLD
            </summary>
            <param name="cnts">dispense positions</param>
            <param name="volume">liquid volume</param>
            <param name="parameter">LLD parameter</param>
            <param name="mode">dispense mode</param>
            <param name="useFirstAspirtateLiquidClass">use first aspirate liquid class, otherwise use liquid class in the parameter</param>
            <param name="options">error recovery options</param>
            <exception cref="T:Huarui.STARLine.STARException">device error will be throwed with STARException</exception>
        </member>
        <member name="M:Huarui.STARLine.Channel.Dispense(Huarui.STARLine.Container[],System.Double[],Huarui.STARLine.CLLDParameter,Huarui.STARLine.DispenseMode,System.Boolean,Huarui.STARLine.ErrorRecoveryOptions)">
            <summary>
            Dispense with LLD
            </summary>
            <param name="cnts">dispense positions</param>
            <param name="volumes">liquid volumes</param>
            <param name="parameter">LLD parameter</param>
            <param name="mode">dispense mode</param>
            <param name="useFirstAspirtateLiquidClass">use first aspirate liquid class, otherwise use liquid class in the parameter</param>
            <param name="options">error recovery options</param>
            <exception cref="T:Huarui.STARLine.STARException">device error will be throwed with STARException</exception>
        </member>
        <member name="M:Huarui.STARLine.Channel.Dispense(Huarui.STARLine.Container[],System.Double,Huarui.STARLine.FixHeightParameter,Huarui.STARLine.DispenseMode,System.Boolean,Huarui.STARLine.ErrorRecoveryOptions)">
            <summary>
            Dispense with fix height
            </summary>
            <param name="cnts">dispense positions</param>
            <param name="volume">liquid volume</param>
            <param name="parameter">fix height parameter</param>
            <param name="mode">dispense mode</param>
            <param name="useFirstAspirtateLiquidClass">use first aspirate liquid class, otherwise use liquid class in the parameter</param>
            <param name="options">error recovery options</param>
            <exception cref="T:Huarui.STARLine.STARException">device error will be throwed with STARException</exception>
        </member>
        <member name="M:Huarui.STARLine.Channel.Dispense(Huarui.STARLine.Container[],System.Double[],Huarui.STARLine.FixHeightParameter,Huarui.STARLine.DispenseMode,System.Boolean,Huarui.STARLine.ErrorRecoveryOptions)">
            <summary>
            Dispense with fix height
            </summary>
            <param name="cnts">dispense positions</param>
            <param name="volumes">liquid volumes</param>
            <param name="parameter">fix height parameter</param>
            <param name="mode">dispense mode</param>
            <param name="useFirstAspirtateLiquidClass">use first aspirate liquid class, otherwise use liquid class in the parameter</param>
            <param name="options">error recovery options</param>
            <exception cref="T:Huarui.STARLine.STARException">device error will be throwed with STARException</exception>
        </member>
        <member name="M:Huarui.STARLine.Channel.Dispense(Huarui.STARLine.Container[],System.Double,Huarui.STARLine.TouchOffParameter,Huarui.STARLine.DispenseMode,System.Boolean,Huarui.STARLine.ErrorRecoveryOptions)">
            <summary>
            Dispense with touch off
            </summary>
            <param name="cnts">dispense positions</param>
            <param name="volume">liquid volume</param>
            <param name="parameter">touch off parameter</param>
            <param name="mode">dispense mode</param>
            <param name="useFirstAspirtateLiquidClass">use first aspirate liquid class, otherwise use liquid class in the parameter</param>
            <param name="options">error recovery options</param>
            <exception cref="T:Huarui.STARLine.STARException">device error will be throwed with STARException</exception>
        </member>
        <member name="M:Huarui.STARLine.Channel.Dispense(Huarui.STARLine.Container[],System.Double[],Huarui.STARLine.TouchOffParameter,Huarui.STARLine.DispenseMode,System.Boolean,Huarui.STARLine.ErrorRecoveryOptions)">
            <summary>
            Dispense with touch off
            </summary>
            <param name="cnts">dispense positions</param>
            <param name="volumes">liquid volumes</param>
            <param name="parameter">touch off parameter</param>
            <param name="mode">dispense mode</param>
            <param name="useFirstAspirtateLiquidClass">use first aspirate liquid class, otherwise use liquid class in the parameter</param>
            <param name="options">error recovery options</param>
            <exception cref="T:Huarui.STARLine.STARException">device error will be throwed with STARException</exception>
        </member>
        <member name="M:Huarui.STARLine.Channel.Dispense(Huarui.STARLine.Container[],System.Double,Huarui.STARLine.SideTouchParameter,Huarui.STARLine.DispenseMode,System.Boolean,Huarui.STARLine.ErrorRecoveryOptions)">
            <summary>
            Dispense with side touch
            </summary>
            <param name="cnts">dispense positions</param>
            <param name="volume">liquid volume</param>
            <param name="parameter">side touch parameter</param>
            <param name="mode">dispense mode</param>
            <param name="useFirstAspirtateLiquidClass">use first aspirate liquid class, otherwise use liquid class in the parameter</param>
            <param name="options">error recovery options</param>
            <exception cref="T:Huarui.STARLine.STARException">device error will be throwed with STARException</exception>
        </member>
        <member name="M:Huarui.STARLine.Channel.Dispense(Huarui.STARLine.Container[],System.Double[],Huarui.STARLine.SideTouchParameter,Huarui.STARLine.DispenseMode,System.Boolean,Huarui.STARLine.ErrorRecoveryOptions)">
            <summary>
            Dispense with side touch
            </summary>
            <param name="cnts">dispense positions</param>
            <param name="volumes">liquid volumes</param>
            <param name="parameter">side touch parameter</param>
            <param name="mode">dispense mode</param>
            <param name="useFirstAspirtateLiquidClass">use first aspirate liquid class, otherwise use liquid class in the parameter</param>
            <param name="options">error recovery options</param>
            <exception cref="T:Huarui.STARLine.STARException">device error will be throwed with STARException</exception>
        </member>
        <member name="M:Huarui.STARLine.Channel.Dispense(Huarui.STARLine.Container[],System.Double,Huarui.STARLine.PipettingParameter,Huarui.STARLine.DispenseMode,System.Boolean,System.Boolean,System.Boolean,Huarui.STARLine.ErrorRecoveryOptions)">
            <summary>
            Dispense
            </summary>
            <param name="cnts">sequence</param>
            <param name="volume">volume</param>
            <param name="parameter">dispense parameter</param>
            <param name="mode">dispense mode</param>
            <param name="useFirstAspirtateLiquidClass">use first aspiration liquid class</param>
            <param name="sideTouch">use side touch?</param>
            <param name="optimizeZMove">optimize z move, false for normal, true for minized z move</param>
            <param name="options">error handling options</param>
            <exception cref="T:Huarui.STARLine.STARException">device error will be throwed with STARException</exception>
        </member>
        <member name="M:Huarui.STARLine.Channel.Dispense(Huarui.STARLine.Container[],System.Double[],Huarui.STARLine.PipettingParameter,Huarui.STARLine.DispenseMode,System.Boolean,System.Boolean,System.Boolean,Huarui.STARLine.ErrorRecoveryOptions)">
            <summary>
            Dispense
            </summary>
            <param name="cnts">sequence</param>
            <param name="volumes">volumes</param>
            <param name="parameter">dispense parameter</param>
            <param name="mode">dispense mode</param>
            <param name="useFirstAspirtateLiquidClass">use first aspiration liquid class</param>
            <param name="sideTouch">use side touch?</param>
            <param name="optimizeZMove">optimize z move</param>
            <param name="options">error handling options</param>
            <exception cref="T:Huarui.STARLine.STARException">device error will be throwed with STARException</exception>
        </member>
        <member name="M:Huarui.STARLine.Channel.Move(Huarui.STARLine.Container[],Huarui.STARLine.MoveZEndMode,System.Double,Huarui.STARLine.ErrorRecoveryOptions)">
            <summary>
            Move To Position
            </summary>
            <param name="cnts">positions</param>
            <param name="zmode">z end mode after move</param>
            <param name="positionAboveContainerBottom">distance above container bottom, for zmode=3</param>
            <param name="options">error recovery options</param>
            <exception cref="T:Huarui.STARLine.STARException">device error will be throwed with STARException</exception>
        </member>
        <member name="M:Huarui.STARLine.Channel.Move(Huarui.STARLine.MovementType,Huarui.STARLine.Direction,System.Double,Huarui.STARLine.ErrorRecoveryOptions)">
            <summary>
            Move Channel
            </summary>
            <param name="type">absolute or relate move</param>
            <param name="axis">move direction, x, y or z</param>
            <param name="distance">move distance</param>
            <param name="options">error recovery options</param>
            <exception cref="T:Huarui.STARLine.STARException">device error will be throwed with STARException</exception>
        </member>
        <member name="M:Huarui.STARLine.Channel.GetLastLiquidLevel">
            <summary>
            Get liquid level for last operation
            </summary>
            <returns></returns>
            <exception cref="T:Huarui.STARLine.STARException">device error will be throwed with STARException</exception>
        </member>
        <member name="M:Huarui.STARLine.Channel.SetTipTrackSpeed(System.Double)">
            <summary>
            set speed factor for pipetting
            </summary>
            <param name="factor">Speed Factor. Default set to 1 (one). Enter a value smaller than one to slow down respectively a value greater than one to speed up tip tracking during aspiration or dispensation. Considered resolution is 0.01.</param>
            <exception cref="T:Huarui.STARLine.STARException">device error will be throwed with STARException</exception>
        </member>
        <member name="M:Huarui.STARLine.Channel.GetExcludeState">
            <summary>
            get channel exclude state
            </summary>
            <returns>exclude state, true for excluded</returns>
            <exception cref="T:Huarui.STARLine.STARException">device error will be throwed with STARException</exception>
        </member>
        <member name="M:Huarui.STARLine.Channel.WaitForTadmUpload">
            <summary>
            wait for Tadm upload
            </summary>
        </member>
        <member name="P:Huarui.STARLine.Channel.AspirationMonitoring">
            <summary>
            turn on or off Asipiration monitoring by pressure monitor (monitored air displacement)
            </summary>
        </member>
        <member name="P:Huarui.STARLine.Channel.ClotDetectionMonitoring">
            <summary>
             Turn on or off Clot detection monitoring with the cLLD
            </summary>
        </member>
        <member name="P:Huarui.STARLine.Channel.AntiDropletControl">
            <summary>
            Turn on or off Anti Droplet Control
            </summary>
        </member>
        <member name="P:Huarui.STARLine.Channel.PressureThreshold">
            <summary>
            pressure threshold for clot detection by cLLD, value range 0 to 1023
            </summary>
        </member>
        <member name="P:Huarui.STARLine.Channel.YSpeed">
            <summary>
            Channel max speed of Y axis in steps/second, range 20 to 8000
            </summary>
        </member>
        <member name="P:Huarui.STARLine.Channel.YAcceleration">
            <summary>
            Acceleration ramp of Y axis in 5000 steps/second2, range 1 to 4, default 4
            </summary>
        </member>
        <member name="P:Huarui.STARLine.Channel.ZSpeed">
            <summary>
            Channel max speed of Z axis in step/second, range 20 to 15000, default 12000
            </summary>
        </member>
        <member name="P:Huarui.STARLine.Channel.ZAcceleration">
            <summary>
            Acceleration ramp of Z axis in 1000 steps/second2, range 5 to 150, default 75
            </summary>
        </member>
        <member name="M:Huarui.STARLine.Channel.PickupTipEx(Huarui.STARLine.Container[])">
            <summary>
            Pickup tips with firmware
            </summary>
            <param name="tips">tip position</param>
        </member>
        <member name="M:Huarui.STARLine.Channel.EjectTipsEx(Huarui.STARLine.Container[])">
            <summary>
            Eject tips with firmware
            </summary>
            <param name="tips">tip position. eject to default waste if null</param>
        </member>
        <member name="T:Huarui.STARLine.CoreTipType">
            <summary>
            Core tip type enum
            </summary>
        </member>
        <member name="F:Huarui.STARLine.CoreTipType.Other">
            <summary>
            Other tip type
            </summary>
        </member>
        <member name="F:Huarui.STARLine.CoreTipType.StandardVolumeTip">
            <summary>
            300ul core tip
            </summary>
        </member>
        <member name="F:Huarui.STARLine.CoreTipType.StandardVolumeTipFiltered">
            <summary>
            300ul core tip with filter
            </summary>
        </member>
        <member name="F:Huarui.STARLine.CoreTipType.HighVolumeTip">
            <summary>
            1000ul core tip
            </summary>
        </member>
        <member name="F:Huarui.STARLine.CoreTipType.HighVolumeTipFiltered">
            <summary>
            1000ul core tip with filter
            </summary>
        </member>
        <member name="F:Huarui.STARLine.CoreTipType.Tip50ul">
            <summary>
            50ul core tip
            </summary>
        </member>
        <member name="F:Huarui.STARLine.CoreTipType.TipFiltered50ul">
            <summary>
            50ul core tip with filter
            </summary>
        </member>
        <member name="F:Huarui.STARLine.CoreTipType.Tip5ml">
            <summary>
            5ml core tip
            </summary>
        </member>
        <member name="F:Huarui.STARLine.CoreTipType.Tip4mlFiltered">
            <summary>
            4ml core tip with filter
            </summary>
        </member>
        <member name="F:Huarui.STARLine.CoreTipType.SlimTip300ul">
            <summary>
            300ul core slim tip
            </summary>
        </member>
        <member name="F:Huarui.STARLine.CoreTipType.SlimTip300ulFiltered">
            <summary>
            300ul core slim tip with filter
            </summary>
        </member>
        <member name="T:Huarui.STARLine.PipettingParameter">
            <summary>
            pipetting parameter for aspiration and dispense
            </summary>
        </member>
        <member name="P:Huarui.STARLine.PipettingParameter.TipType">
            <summary>
            tip type
            </summary>
        </member>
        <member name="P:Huarui.STARLine.PipettingParameter.DispenseMode">
            <summary>
            dispense mode
            </summary>
        </member>
        <member name="P:Huarui.STARLine.PipettingParameter.LiquidClass">
            <summary>
            liquid class
            </summary>
        </member>
        <member name="P:Huarui.STARLine.PipettingParameter.cLLDSensitivity">
            <summary>
            cLLD sensitivity
            if cLLD sensitivity was not off, the submerage depth will be used
            </summary>
        </member>
        <member name="P:Huarui.STARLine.PipettingParameter.pLLDSensitivity">
            <summary>
            pLLD sensitivity, it is only supported pipetting channel, not 96 head
            </summary>
        </member>
        <member name="P:Huarui.STARLine.PipettingParameter.SubmergeDepth">
            <summary>
            submerge depth in liquid when LLD was set
            </summary>
        </member>
        <member name="P:Huarui.STARLine.PipettingParameter.FixHeight">
            <summary>
            fix height above bottom when LLD was not set
            </summary>
        </member>
        <member name="P:Huarui.STARLine.PipettingParameter.MaxHeightDifference">
            <summary>
            max difference between cLLD and pLLD. disabled if it's 0, it is only supported pipetting channel, not 96 head
            </summary>
        </member>
        <member name="P:Huarui.STARLine.PipettingParameter.RetractDistanceForAirTransport">
            <summary>
            retract height after aspiration to aspirate air for movement
            </summary>
        </member>
        <member name="P:Huarui.STARLine.PipettingParameter.TouchOff">
            <summary>
            touch off mode dispense, it is only supported pipetting channel, not 96 head
            </summary>
        </member>
        <member name="P:Huarui.STARLine.PipettingParameter.PositionAboveTouch">
            <summary>
            dispense position above touch for touchoff dispense, it is only supported pipetting channel, not 96 head
            </summary>
        </member>
        <member name="P:Huarui.STARLine.PipettingParameter.TouchSide">
            <summary>
            Touch Side
            </summary>
        </member>
        <member name="P:Huarui.STARLine.PipettingParameter.LiquidFollowing">
            <summary>
            liquid follow during aspirate or dispense
            </summary>
        </member>
        <member name="P:Huarui.STARLine.PipettingParameter.MixCycle">
            <summary>
            mix cycle
            </summary>
        </member>
        <member name="P:Huarui.STARLine.PipettingParameter.MixPosition">
            <summary>
            mix position bellow aspiration and dispense height
            </summary>
        </member>
        <member name="P:Huarui.STARLine.PipettingParameter.MixVolume">
            <summary>
            mix volume
            </summary>
        </member>
        <member name="T:Huarui.STARLine.TADMUploadMode">
            <summary>
            The mode which is used for upload of TADM curves
            </summary>
        </member>
        <member name="F:Huarui.STARLine.TADMUploadMode.None">
            <summary>
            None, i.e. don't upload
            </summary>
        </member>
        <member name="F:Huarui.STARLine.TADMUploadMode.ErrorCurvesOnly">
            <summary>
            Error curves only
            </summary>
        </member>
        <member name="F:Huarui.STARLine.TADMUploadMode.All">
            <summary>
            All curves
            </summary>
        </member>
        <member name="T:Huarui.STARLine.TADMRecordMode">
            <summary>
            TADM record mode
            </summary>
        </member>
        <member name="F:Huarui.STARLine.TADMRecordMode.Recording">
            <summary>
            Recording
            </summary>
        </member>
        <member name="F:Huarui.STARLine.TADMRecordMode.Monitoring">
            <summary>
            Monitoring
            </summary>
        </member>
        <member name="T:Huarui.STARLine.ThirdParty.OrbitBarcodeReader">
            <summary>
            Metrologic barcode scanner Orbit/MS7120 for read operations over the serial Interface RS232.
            </summary>
        </member>
        <member name="M:Huarui.STARLine.ThirdParty.OrbitBarcodeReader.Open(System.String,System.Int32)">
            <summary>
            Open the serial port for barcode reader
            </summary>
            <param name="comPort">Serial port to be used (string), 
            The Metrologic barcode scanner Orbit/MS7120 may be plugged on one of the following ports: "COM1", "COM2", "COM3", "COM4"
            Default ComPort setting: COM2</param>
            <param name="timeout">timeout for serial port reading</param>
        </member>
        <member name="M:Huarui.STARLine.ThirdParty.OrbitBarcodeReader.Close">
            <summary>
            Close the barcode reader
            </summary>
        </member>
        <member name="M:Huarui.STARLine.ThirdParty.OrbitBarcodeReader.Read">
            <summary>
            Get read barcode from Metrologic barcode scanner Orbit/MS7120.
            </summary>
            <returns>barcode string</returns>
        </member>
        <member name="M:Huarui.STARLine.ThirdParty.OrbitBarcodeReader.DelComBuffer">
            <summary>
            Deletes the input buffer of the used serial port
            </summary>
        </member>
        <member name="T:Huarui.STARLine.DispenseMode">
            <summary>
            Dispense mode enum
            </summary>
        </member>
        <member name="F:Huarui.STARLine.DispenseMode.JetPart">
            <summary>
            jet part mode
            </summary>
        </member>
        <member name="F:Huarui.STARLine.DispenseMode.JetEmpty">
            <summary>
            jet empty tip mode
            </summary>
        </member>
        <member name="F:Huarui.STARLine.DispenseMode.SurfacePart">
            <summary>
            surface part volume mode
            </summary>
        </member>
        <member name="F:Huarui.STARLine.DispenseMode.SurfaceEmpty">
            <summary>
            surface empty tip mode
            </summary>
        </member>
        <member name="F:Huarui.STARLine.DispenseMode.DrainTipInJetMode">
            <summary>
            drain tip in jet mode
            </summary>
        </member>
        <member name="F:Huarui.STARLine.DispenseMode.FromLiquiClass">
            <summary>
            use the dispense mode in liquid class
            </summary>
        </member>
        <member name="F:Huarui.STARLine.DispenseMode.BlowoutTip">
            <summary>
            blowout tip mode
            </summary>
        </member>
        <member name="T:Huarui.STARLine.ModuleError">
            <summary>
            Error from Module
            </summary>
        </member>
        <member name="P:Huarui.STARLine.ModuleError.Name">
            <summary>
            Name, e.g. position, or PX
            </summary>
        </member>
        <member name="P:Huarui.STARLine.ModuleError.PositionId">
            <summary>
            Position id, channel number or track number
            </summary>
        </member>
        <member name="P:Huarui.STARLine.ModuleError.LabwareId">
            <summary>
            Labware ID
            </summary>
        </member>
        <member name="P:Huarui.STARLine.ModuleError.ErrorDetail">
            <summary>
            Error description, eg. E:ID:09/81:Cancel
            </summary>
        </member>
        <member name="P:Huarui.STARLine.ModuleError.Module">
            <summary>
            Module node name
            </summary>
        </member>
        <member name="P:Huarui.STARLine.ModuleError.MainError">
            <summary>
            Main Error number
            </summary>
        </member>
        <member name="P:Huarui.STARLine.ModuleError.SlaveError">
            <summary>
            Slave Error Number
            </summary>
        </member>
        <member name="P:Huarui.STARLine.ModuleError.Description">
            <summary>
            Error Description
            </summary>
        </member>
        <member name="P:Huarui.STARLine.ModuleError.Recovery">
            <summary>
            Error recovery used
            </summary>
        </member>
        <member name="T:Huarui.STARLine.ErrorRecoveryOptions">
            <summary>
            Error Reocvery Options for steps
            </summary>
        </member>
        <member name="P:Huarui.STARLine.ErrorRecoveryOptions.CancelAllErrors">
            <summary>
            options for cancel all the errors
            </summary>
        </member>
        <member name="P:Huarui.STARLine.ErrorRecoveryOptions.RecoveryVisibility">
            <summary>
            Recovery Visibility
            </summary>
        </member>
        <member name="T:Huarui.STARLine.ErrorRecoveryOption">
            <summary>
            Error Recovery Option for specified Error
            </summary>
        </member>
        <member name="P:Huarui.STARLine.ErrorRecoveryOption.Recovery">
            <summary>
            First Recovery
            </summary>
        </member>
        <member name="P:Huarui.STARLine.ErrorRecoveryOption.SecondRecovery">
            <summary>
            Additional Recovery
            </summary>
        </member>
        <member name="P:Huarui.STARLine.ErrorRecoveryOption.Repeatition">
            <summary>
            Repeatition Time
            </summary>
        </member>
        <member name="T:Huarui.STARLine.FirmwareError">
            <summary>
            Firmware Error
            </summary>
        </member>
        <member name="M:Huarui.STARLine.FirmwareError.#ctor(System.String,System.String,System.String,System.Int32)">
            <summary>
            Construction
            </summary>
            <param name="node">module node name</param>
            <param name="command">firmware command</param>
            <param name="parameter">firmware parameter</param>
            <param name="code">error code</param>
        </member>
        <member name="P:Huarui.STARLine.FirmwareError.Node">
            <summary>
            Module node name
            </summary>
        </member>
        <member name="P:Huarui.STARLine.FirmwareError.Command">
            <summary>
            Firmware command
            </summary>
        </member>
        <member name="P:Huarui.STARLine.FirmwareError.Parameter">
            <summary>
            Firmware parameter
            </summary>
        </member>
        <member name="P:Huarui.STARLine.FirmwareError.ErrorCode">
            <summary>
            Firmware Error
            </summary>
        </member>
        <member name="M:Huarui.STARLine.FirmwareError.Parse(System.String,System.String,System.String)">
            <summary>
            Parse reponse for firmware error
            </summary>
            <param name="command">firmware command</param>
            <param name="parameter">firmware parameter</param>
            <param name="response">firmware response</param>
            <returns></returns>
        </member>
        <member name="T:Huarui.STARLine.MainErrorEnum">
            <summary>
            Main Error Enumeration
            </summary>
        </member>
        <member name="F:Huarui.STARLine.MainErrorEnum.NoError">
            <summary>
            No Error
            </summary>
        </member>
        <member name="F:Huarui.STARLine.MainErrorEnum.SyntaxError">
            <summary>
            There is a wrong set of parameters or parameter ranges.
            </summary>
        </member>
        <member name="F:Huarui.STARLine.MainErrorEnum.HardwareError">
            <summary>
            Steps lost on one or more hardware components, or component not initialized or not functioning.
            </summary>
            
        </member>
        <member name="F:Huarui.STARLine.MainErrorEnum.NotExecutedError">
            <summary>
            There was an error in previous part command.
            </summary>
        </member>
        <member name="F:Huarui.STARLine.MainErrorEnum.ClotError">
            <summary>
            Blood clot detected.
            </summary>
        </member>
        <member name="F:Huarui.STARLine.MainErrorEnum.BarcodeError">
            <summary>
            Barcode could not be read or is missing.
            </summary>
        </member>
        <member name="F:Huarui.STARLine.MainErrorEnum.InsufficientLiquidError">
            <summary>
            Not enough liquid available.
            </summary>
        </member>
        <member name="F:Huarui.STARLine.MainErrorEnum.TipPresentError">
            <summary>
            A tip has already been picked up.
            </summary>
        </member>
        <member name="F:Huarui.STARLine.MainErrorEnum.NoTipError">
            <summary>
            Tip is missing or not picked up.
            </summary>
        </member>
        <member name="F:Huarui.STARLine.MainErrorEnum.NoCarrierError">
            <summary>
            No carrier present for loading.
            </summary>
        </member>
        <member name="F:Huarui.STARLine.MainErrorEnum.ExecutionError">
            <summary>
            A step or a part of a step could not be processed.
            </summary>
        </member>
        <member name="F:Huarui.STARLine.MainErrorEnum.PressureLLDError">
            <summary>
            A dispense with pressure liquid level detection is not allowed.
            </summary>
        </member>
        <member name="F:Huarui.STARLine.MainErrorEnum.CalibrateError">
            <summary>
            No capacitive signal detected during carrier calibration procedure.
            </summary>
        </member>
        <member name="F:Huarui.STARLine.MainErrorEnum.UnloadError">
            <summary>
            Not possible to unload the carrier due to occupied loading tray position.
            </summary>
        </member>
        <member name="F:Huarui.STARLine.MainErrorEnum.PressureLLDconsecutiveError">
            <summary>
            Pressure liquid level detection in a consecutive aspiration is not allowed.
            </summary>
        </member>
        <member name="F:Huarui.STARLine.MainErrorEnum.ParameterError">
            <summary>
            Dispense in jet mode with pressure liquid level detection is not allowed.
            </summary>
        </member>
        <member name="F:Huarui.STARLine.MainErrorEnum.CoverOpenError">
            <summary>
            Cover not closed or can not be locked.
            </summary>
        </member>
        <member name="F:Huarui.STARLine.MainErrorEnum.ImproperAspirationDispenseError">
            <summary>
            The pressure-based aspiration / dispensation control reported an error ( not enough liquid ).
            </summary>
        </member>
        <member name="F:Huarui.STARLine.MainErrorEnum.WashLiquidError">
            <summary>
            Waste full or no more wash liquid available.
            </summary>
        </member>
        <member name="F:Huarui.STARLine.MainErrorEnum.TemperatureError">
            <summary>
            Incubator temperature out of range.
            </summary>
        </member>
        <member name="F:Huarui.STARLine.MainErrorEnum.TADMOvershot">
            <summary>
            Overshot of limits during aspirate or dispense.
            Note:
            On aspirate this error is returned as main error 17.
            On dispense this error is returned as main error 4.
            </summary>
            
        </member>
        <member name="F:Huarui.STARLine.MainErrorEnum.LabwareError">
            <summary>
            Labware not available.
            </summary>
        </member>
        <member name="F:Huarui.STARLine.MainErrorEnum.LabwareGrippedError">
            <summary>
            Labware already gripped.
            </summary>
        </member>
        <member name="F:Huarui.STARLine.MainErrorEnum.LabwareLostError">
            <summary>
            Labware lost during transport.
            </summary>
        </member>
        <member name="F:Huarui.STARLine.MainErrorEnum.IllegalTargetPlatePosition">
            <summary>
            Cannot place plate, plate was gripped in a wrong direction.
            </summary>
        </member>
        <member name="F:Huarui.STARLine.MainErrorEnum.IllegalInterventionError">
            <summary>
            Cover was opened or a carrier was removed manually.
            </summary>
        </member>
        <member name="F:Huarui.STARLine.MainErrorEnum.TADMUndershot">
            <summary>
            Undershot of limits during aspirate or dispense.
            Note:
            On aspirate this error is returned as main error 4.
            On dispense this error is returned as main error 17.
            </summary>
        </member>
        <member name="F:Huarui.STARLine.MainErrorEnum.PositionError">
            <summary>
            The position is out of range.
            </summary>
        </member>
        <member name="F:Huarui.STARLine.MainErrorEnum.UnexpectedcLLDError">
            <summary>
            The cLLD detected a liquid level above start height of liquid level search.
            </summary>
        </member>
        <member name="F:Huarui.STARLine.MainErrorEnum.AreaAlreadyOccupied">
            <summary>
            Instrument region already reserved.
            </summary>
        </member>
        <member name="F:Huarui.STARLine.MainErrorEnum.ImpossibleToOccupyArea">
            <summary>
            A region on the instrument cannot be reserved.
            </summary>
        </member>
        <member name="F:Huarui.STARLine.MainErrorEnum.AntiDropControlError">
            <summary>
            Anti drop controlling out of tolerance.
            </summary>
        </member>
        <member name="F:Huarui.STARLine.MainErrorEnum.DecapperError">
            <summary>
            Decapper lock error while screw / unscrew a cap by twister channels.
            </summary>
        </member>
        <member name="F:Huarui.STARLine.MainErrorEnum.DecapperHandlingError">
            <summary>
            Decapper station error while lock / unlock a cap.
            </summary>
        </member>
        <member name="F:Huarui.STARLine.MainErrorEnum.SlaveError">
            <summary>
            Slave error.
            </summary>
        </member>
        <member name="F:Huarui.STARLine.MainErrorEnum.WrongCarrierError">
            <summary>
            Wrong carrier barcode detected.
            </summary>
        </member>
        <member name="F:Huarui.STARLine.MainErrorEnum.NoCarrierBarcodeError">
            <summary>
            Carrier barcode could not be read or is missing.
            </summary>
        </member>
        <member name="F:Huarui.STARLine.MainErrorEnum.LiquidLevelError">
            <summary>
            Liquid surface not detected.This error is created from main / slave error 06/70, 06/73 and 06/87.
            </summary>
        </member>
        <member name="F:Huarui.STARLine.MainErrorEnum.NotDetectedError">
            <summary>
            Carrier not detected at deck end position.
            </summary>
        </member>
        <member name="F:Huarui.STARLine.MainErrorEnum.NotAspiratedError">
            <summary>
            Dispense volume exceeds the aspirated volume.
            This error is created from main / slave error 02/54.
            </summary>
        </member>
        <member name="F:Huarui.STARLine.MainErrorEnum.ImproperDispensationError">
            <summary>
            The dispensed volume is out of tolerance (may only occur for Nano Pipettor Dispense steps).
            This error is created from main / slave error 02/52 and 02/54.
            </summary>
        </member>
        <member name="F:Huarui.STARLine.MainErrorEnum.NoLabwareError">
            <summary>
            The labware to be loaded was not detected by autoload module.
            Note:
            May only occur on a Reload Carrier step if the labware property 'MlStarCarPosAreRecognizable' is set to 1.
            </summary>
        </member>
        <member name="F:Huarui.STARLine.MainErrorEnum.UnexpectedLabwareError">
            <summary>
            The labware contains unexpected barcode ( may only occur on a Reload Carrier step ).
            </summary>
        </member>
        <member name="F:Huarui.STARLine.MainErrorEnum.WrongLabwareError">
            <summary>
            The labware to be reloaded contains wrong barcode ( may only occur on a Reload Carrier step ).
            </summary>
        </member>
        <member name="F:Huarui.STARLine.MainErrorEnum.BarcodeMaskError">
            <summary>
            The barcode read doesn't match the barcode mask defined.
            </summary>
        </member>
        <member name="F:Huarui.STARLine.MainErrorEnum.BarcodeNotUniqueError">
            <summary>
            The barcode read is not unique. Previously loaded labware with same barcode was loaded without unique barcode check.
            </summary>
        </member>
        <member name="F:Huarui.STARLine.MainErrorEnum.BarcodeAlreadyUsedError">
            <summary>
            The barcode read is already loaded as unique barcode ( it's not possible to load the same barcode twice ).
            </summary>
        </member>
        <member name="F:Huarui.STARLine.MainErrorEnum.KitLotExpiredError">
            <summary>
            Kit Lot expired.
            </summary>
        </member>
        <member name="F:Huarui.STARLine.MainErrorEnum.DelimiterError">
            <summary>
            Barcode contains character which is used as delimiter in result string.
            </summary>
        </member>
        <member name="T:Huarui.STARLine.FirmwareException">
            <summary>
            The Error of firmware will be throw as exception. 
            </summary>
        </member>
        <member name="M:Huarui.STARLine.FirmwareException.#ctor(System.String,System.Exception,Huarui.STARLine.FirmwareError)">
            <summary>
            Construction
            </summary>
            <param name="message">message</param>
            <param name="innerException">inner exception</param>
            <param name="error">Firmware error</param>
        </member>
        <member name="P:Huarui.STARLine.FirmwareException.Error">
            <summary>
            Firmware Error
            </summary>
        </member>
        <member name="M:Huarui.STARLine.ICoreGripperSimulator.PickupGripper(System.Int32)">
            <summary>
            pick up gripper
            </summary>
            <param name="frontChannel">front channel, zero based</param>
            <returns></returns>
        </member>
        <member name="T:Huarui.STARLine.STARCommand">
            <summary>
            STAR command wrapper
            </summary>
        </member>
        <member name="P:Huarui.STARLine.STARCommand.Log">
            <summary>
            Log for ML_STAR. By default log will be written to hamilton log files. you can redirect to other destination
            </summary>
        </member>
        <member name="P:Huarui.STARLine.STARCommand.InstrumentName">
            <summary>
            Instrumet name, e.q. ML_STAR
            </summary>
        </member>
        <member name="P:Huarui.STARLine.STARCommand.RunId">
            <summary>
            Run Id of current run
            </summary>
        </member>
        <member name="P:Huarui.STARLine.STARCommand.RunName">
            <summary>
            Name of current run
            </summary>
        </member>
        <member name="P:Huarui.STARLine.STARCommand.Deck">
            <summary>
            Deck layout
            </summary>
        </member>
        <member name="P:Huarui.STARLine.STARCommand.Simulator">
            <summary>
            simulator for STAR control
            </summary>
        </member>
        <member name="P:Huarui.STARLine.STARCommand.IsTADMActive">
            <summary>
            TADDM feature installed 
            </summary>
        </member>
        <member name="P:Huarui.STARLine.STARCommand.IsSampleTrackingEnabled">
            <summary>
            Sample Tracking function enabled
            </summary>
        </member>
        <member name="P:Huarui.STARLine.STARCommand.Channel">
            <summary>
            Pipetting channel 1000ul
            </summary>
        </member>
        <member name="P:Huarui.STARLine.STARCommand.LeftArm">
            <summary>
            Left Arm
            </summary>
        </member>
        <member name="P:Huarui.STARLine.STARCommand.RightArm">
            <summary>
            Right Arm
            </summary>
        </member>
        <member name="M:Huarui.STARLine.STARCommand.#ctor">
            <summary>
            Star command construction
            </summary>
        </member>
        <member name="M:Huarui.STARLine.STARCommand.WaitConnection">
            <summary>
            Wait instrument for connection
            </summary>
        </member>
        <member name="M:Huarui.STARLine.STARCommand.Start">
            <summary>
            Start instrument control
            </summary>
        </member>
        <member name="M:Huarui.STARLine.STARCommand.End">
            <summary>
            End instrument control
            </summary>
        </member>
        <member name="M:Huarui.STARLine.STARCommand.Dispose">
            <summary>
            free all the resource
            </summary>
        </member>
        <member name="M:Huarui.STARLine.STARCommand.Pause">
            <summary>
            Pause instrument control
            </summary>
        </member>
        <member name="M:Huarui.STARLine.STARCommand.Resume">
            <summary>
            Resume instrument control after pausing
            </summary>
        </member>
        <member name="M:Huarui.STARLine.STARCommand.Abort">
            <summary>
            Abort instrument control
            </summary>
        </member>
        <member name="M:Huarui.STARLine.STARCommand.Init(System.Boolean,System.String)">
            <summary>
            Initialize the instrument control
            </summary>
            <param name="simulation">simulation mode</param>
            <param name="runName">run name</param>
        </member>
        <member name="M:Huarui.STARLine.STARCommand.Init(System.Int32,System.Boolean,System.String)">
            <summary>
            Initialize the instrument control
            </summary>
            <param name="cmdRunHWnd">parent window handler</param>
            <param name="simulation">simulation mode</param>
        </member>
        <member name="M:Huarui.STARLine.STARCommand.Init(System.String,System.Int32,System.Boolean,System.String)">
            <summary>
            Initialize the instrument control
            </summary>
            <param name="cmdRunDeckLayoutFile">deck layout file path</param>
            <param name="cmdRunHWnd">parent window handler</param>
            <param name="simulation">simulation mode</param>
        </member>
        <member name="M:Huarui.STARLine.STARCommand.Show3DSystemView">
            <summary>
            show 3d System view in a window
            </summary>
        </member>
        <member name="M:Huarui.STARLine.STARCommand.Init3DSystemView(System.Int32)">
            <summary>
            Initialize the 3D System layout viewer
            </summary>
            <param name="handler">control handler that hold the viewer</param>
            <returns>viewer object, type of Hamilton.HxSys3DView.HxInstrument3DView</returns>
        </member>
        <member name="E:Huarui.STARLine.STARCommand.OnAborted">
            <summary>
            Insrument control abort event
            </summary>
        </member>
        <member name="E:Huarui.STARLine.STARCommand.OnPausing">
            <summary>
            Instrument control Pausing event
            </summary>
        </member>
        <member name="E:Huarui.STARLine.STARCommand.OnPaused">
            <summary>
            Instrument control paused event
            </summary>
        </member>
        <member name="E:Huarui.STARLine.STARCommand.OnResumed">
            <summary>
            Instrument control resued event
            </summary>
        </member>
        <member name="E:Huarui.STARLine.STARCommand.OnControlPanelComplete">
            <summary>
            Instrument control panel show completed
            </summary>
        </member>
        <member name="E:Huarui.STARLine.STARCommand.OnStarted">
            <summary>
            Instrument control started event
            </summary>
        </member>
        <member name="E:Huarui.STARLine.STARCommand.OnEnded">
            <summary>
            Instrument control Complete event
            </summary>
        </member>
        <member name="E:Huarui.STARLine.STARCommand.OnSystemDeckCreated">
            <summary>
            System deck created event, use can create 3DViewer after this event
            </summary>
        </member>
        <member name="E:Huarui.STARLine.STARCommand.OnInstrumentDeckCreated">
            <summary>
            Instrument Deck layout created event
            </summary>
        </member>
        <member name="E:Huarui.STARLine.STARCommand.OnDeviceCreated">
            <summary>
            Device created event, use can call all the funcation after this event
            </summary>
        </member>
        <member name="E:Huarui.STARLine.STARCommand.OnDeviceErrorOccured">
            <summary>
            Device error event handler, for problem reporting only
            </summary>
        </member>
        <member name="P:Huarui.STARLine.STARCommand.IsInitialized">
            <summary>
            is instrument initialized
            </summary>
        </member>
        <member name="P:Huarui.STARLine.STARCommand.IsSimulation">
            <summary>
            Is instrument controlled in simulation
            </summary>
        </member>
        <member name="M:Huarui.STARLine.STARCommand.SetupErrorRecovery(Hamilton.Interop.HxParams.IHxPars,Huarui.STARLine.ErrorRecoveryOptions)">
            <summary>
            Setup error handling for step data
            </summary>
            <param name="stepv">step data pars</param>
            <param name="options">error handling options</param>
        </member>
        <member name="M:Huarui.STARLine.STARCommand.Initialize(System.Boolean,Huarui.STARLine.ErrorRecoveryOptions)">
            <summary>
            Intialize the instrument
            </summary>
            <param name="alwayInitialize">allways intialize</param>
            <param name="options">Error handling options</param>
            <exception cref="T:Huarui.STARLine.STARException">device error will be throwed with STARException</exception>
        </member>
        <member name="M:Huarui.STARLine.STARCommand.SendFirmware(System.String,System.String,System.Int32)">
            <summary>
            Send firmware command
            </summary>
            <param name="cmd">command</param>
            <param name="parameter">parameter</param>
            <param name="taskId">unique task id for get error from trace</param>
            <returns>command response</returns>
        </member>
        <member name="M:Huarui.STARLine.STARCommand.SendFirmware2(System.String,System.String,System.Int32)">
            <summary>
            Send firmware command
            </summary>
            <param name="cmd">command</param>
            <param name="parameter">parameter</param>
            <param name="taskId">unique task id for get error from trace</param>
            <returns>command response</returns>
        </member>
        <member name="P:Huarui.STARLine.STARCommand.IsFrontCoverLocked">
            <summary>
            Check the front cover, if it is locked
            </summary>
        </member>
        <member name="M:Huarui.STARLine.STARCommand.QueryCarrierPresenceOnDeck">
            <summary>
            Query Carrier Presence on Deck
            </summary>
            <returns>carrier presence array of boolean</returns>
            <exception cref="T:Huarui.STARLine.STARException">STARException if error found</exception>
        </member>
        <member name="M:Huarui.STARLine.STARCommand.LockFrontCover(System.Boolean,Huarui.STARLine.ErrorRecoveryOptions)">
            <summary>
            Lock the front cover
            </summary>
            <param name="locking">true for lock, false for unlock</param>
            <param name="options">error handling options</param>
            <exception cref="T:Huarui.STARLine.STARException">device error will be throwed with STARException</exception>
        </member>
        <member name="M:Huarui.STARLine.STARCommand.FormatTrace(System.String,System.String,Huarui.STARLine.StepStatusEnum,System.Object)">
            <summary>
            Logging
            </summary>
            <param name="source">message source</param>
            <param name="action">command action</param>
            <param name="status">status</param>
            <param name="details">message detail</param>
        </member>
        <member name="T:Huarui.STARLine.STARDiscover">
             <summary>
             STAR discover tools
             </summary>
             <example>
             it can be used to monitor the connection status of instrument, following example show you how to do it.
             <code language="cs">
             //creating an instance and attach instrument connection event.
             STARDiscover discover = new STARDiscover();
             discover.OnConnect += Discover_OnConnect;
             discover.OnDisconnect += Discover_OnDisconnect;
             discover.OnReceive += Discover_OnReceive;
             discover.Start();
             </code>
             
             When you want to control the instrument, you must stop monitor and release the connection
             <code language="cs">
             //stop monitoring when instrument connected and you want to control the instrument
             discover.Stop();
             discover.OnConnect -= Discover_OnConnect;
             discover.OnDisconnect -= Discover_OnDisconnect;
             discover.OnReceive -= Discover_OnReceive;
             discover.Dispose();
             discover = null;
            </code>
             </example>
        </member>
        <member name="M:Huarui.STARLine.STARDiscover.#ctor">
            <summary>
            Construction
            </summary>
        </member>
        <member name="P:Huarui.STARLine.STARDiscover.IsConnect">
            <summary>
            Instrument Connect status
            </summary>
        </member>
        <member name="M:Huarui.STARLine.STARDiscover.Stop">
            <summary>
            Stop discover
            </summary>
        </member>
        <member name="M:Huarui.STARLine.STARDiscover.Start">
            <summary>
            Start Discover
            </summary>
        </member>
        <member name="M:Huarui.STARLine.STARDiscover.Send(System.String)">
            <summary>
            Send command to STAR
            </summary>
            <param name="sendInfo"></param>
        </member>
        <member name="M:Huarui.STARLine.STARDiscover.Dispose">
            <summary>
            Dispose the instance
            </summary>
        </member>
        <member name="E:Huarui.STARLine.STARDiscover.OnConnect">
            <summary>
            device connected event
            </summary>
        </member>
        <member name="E:Huarui.STARLine.STARDiscover.OnDisconnect">
            <summary>
            device disconnected event
            </summary>
        </member>
        <member name="E:Huarui.STARLine.STARDiscover.OnReceive">
            <summary>
            reply from device received event
            </summary>
        </member>
        <member name="T:Huarui.STARLine.STARException">
            <summary>
            all the instrument's error will be in the exception
            using the try catch code, you can get the error, and perform the error handling
            </summary>
            <example>
            
            <code language="cs">
            ErrorRecoveryOptions options = new ErrorRecoveryOptions();
            options.Add(MainErrorEnum.NoTipError, new ErrorRecoveryOption() { Recovery = RecoveryAction.Cancel });
            options.Add(MainErrorEnum.NotExecutedError, new ErrorRecoveryOption() { Recovery = RecoveryAction.Cancel });
            try
            {
                ML_STAR.Channel.PickupTip(cnts, options);
            }
            catch (STARException e)
            {
                foreach (ModuleError err in e.ModuleErrors)
                {
                    Console.WriteLine(err.Module + " " + err.MainError + ":" + err.SlaveError + " " + err.LabwareId + ", " + err.PositionId);
                }
            }
            </code>
            </example>
        </member>
        <member name="M:Huarui.STARLine.STARException.#ctor(System.String,System.Exception,Huarui.STARLine.ModuleErrors)">
            <summary>
            STARException construction
            </summary>
            <param name="message">message</param>
            <param name="innerException">inner exception</param>
            <param name="errors">module errors</param>
        </member>
        <member name="P:Huarui.STARLine.STARException.ModuleErrors">
            <summary>
            Module errors from device
            </summary>
        </member>
        <member name="T:Huarui.STARLine.STARRegistry">
            <summary>
            Venus intallation information
            </summary>
        </member>
        <member name="M:Huarui.STARLine.STARRegistry.#ctor">
            <summary>
            Construction
            </summary>
        </member>
        <member name="P:Huarui.STARLine.STARRegistry.BinPath">
            <summary>
            venus application folder (bin)
            </summary>
        </member>
        <member name="P:Huarui.STARLine.STARRegistry.ConfigPath">
            <summary>
            Venus Application config folder
            </summary>
        </member>
        <member name="P:Huarui.STARLine.STARRegistry.MethodsPath">
            <summary>
            Venus methods folder
            </summary>
        </member>
        <member name="P:Huarui.STARLine.STARRegistry.LogFilesPath">
            <summary>
            Venus LogFiles folder
            </summary>
        </member>
        <member name="P:Huarui.STARLine.STARRegistry.LabwarePath">
            <summary>
            Venus Labware folder
            </summary>
        </member>
        <member name="P:Huarui.STARLine.STARRegistry.LanguagePath">
            <summary>
            Venus Language folder
            </summary>
        </member>
        <member name="P:Huarui.STARLine.STARRegistry.GraphicPath">
            <summary>
            Venus Graphics folder
            </summary>
        </member>
        <member name="P:Huarui.STARLine.STARRegistry.HelpPath">
            <summary>
            Help folder
            </summary>
        </member>
        <member name="M:Huarui.STARLine.STARRegistry.Dispose">
            <summary>
            Free the object
            </summary>
        </member>
        <member name="T:Huarui.STARLine.ReocveryTitleAttribute">
            <summary>
            Recovery Title Attribute to find the recovery action
            </summary>
        </member>
        <member name="T:Huarui.STARLine.StepResult">
            <summary>
            STAR step result
            </summary>
        </member>
        <member name="P:Huarui.STARLine.StepResult.ErrorFlag">
            <summary>
            Error Flag
            </summary>
        </member>
        <member name="P:Huarui.STARLine.StepResult.Blocks">
            <summary>
            Blocks
            </summary>
        </member>
        <member name="M:Huarui.STARLine.StepResult.Parse(System.String)">
            <summary>
            Parse the step result from STAR
            </summary>
            <param name="result"></param>
            <returns></returns>
        </member>
        <member name="T:Huarui.STARLine.StepResultEntry">
            <summary>
            Step block entry
            </summary>
        </member>
        <member name="P:Huarui.STARLine.StepResultEntry.Position">
            <summary>
            Position
            </summary>
        </member>
        <member name="P:Huarui.STARLine.StepResultEntry.MainError">
            <summary>
            Main Error
            </summary>
        </member>
        <member name="P:Huarui.STARLine.StepResultEntry.SlaveError">
            <summary>
            Slave Error
            </summary>
        </member>
        <member name="P:Huarui.STARLine.StepResultEntry.Recovery">
            <summary>
            Error Recovery Used
            </summary>
        </member>
        <member name="P:Huarui.STARLine.StepResultEntry.StepData">
            <summary>
            Step Data, e.g. barcode for load
            </summary>
        </member>
        <member name="P:Huarui.STARLine.StepResultEntry.LabwareName">
            <summary>
            Labware Id
            </summary>
        </member>
        <member name="P:Huarui.STARLine.StepResultEntry.LabwarePos">
            <summary>
            Position Id
            </summary>
        </member>
    </members>
</doc>
